type,alternativeSequence,begin,end,cytogeneticBand,genomicLocation,codon,consequenceType,wildType,mutatedType,somaticStatus,sourceType,association,descriptions,evidences,ftId,name,id,url,alternativeUrl,PredictionValType,predictorType,score,predAlgorithmNameType,sources,loc,seqId,source,reviewStatus,populationName,frequency
Likely pathogenic,H,52,52,4q12,['NC_000004.12:g.54695598G>C'],GAC/CAC,missense,D,H,0,large_scale_study,,,,,ExAC,rs121913505,https://www.ncbi.nlm.nih.gov/SNP/snp_ref.cgi?type=rs&rs=rs121913505,,probably damaging,multi coding,0.926,PolyPhen,Ensembl,p.Asp52His,ENST00000288135,,,,
Likely pathogenic,N,52,52,4q12,['NC_000004.12:g.54695598G>A'],GAC/AAC,missense,D,N,0,large_scale_study,"[{'name': 'Gastrointestinal stromal tumor', 'dbReferences': [{'name': 'MIM', 'id': '606764', 'url': 'https://www.omim.org/entry/606764'}], 'evidences': [{'code': 'ECO:0000313', 'source': {'name': 'pubmed', 'id': '22685257', 'url': 'https://www.ncbi.nlm.nih.gov/pubmed/22685257', 'alternativeUrl': 'https://europepmc.org/abstract/MED/22685257'}}, {'code': 'ECO:0000313', 'source': {'name': 'pubmed', 'id': '23852704', 'url': 'https://www.ncbi.nlm.nih.gov/pubmed/23852704', 'alternativeUrl': 'https://europepmc.org/abstract/MED/23852704'}}, {'code': 'ECO:0000313', 'source': {'name': 'pubmed', 'id': '25394175', 'url': 'https://www.ncbi.nlm.nih.gov/pubmed/25394175', 'alternativeUrl': 'https://europepmc.org/abstract/MED/25394175'}}, {'code': 'ECO:0000313', 'source': {'name': 'ClinVar', 'id': 'RCV000456243', 'url': 'https://www.ncbi.nlm.nih.gov/clinvar/RCV000456243', 'alternativeUrl': 'https://www.ensembl.org/homo_sapiens/Variation/Explore?v=RCV000456243'}}], 'disease': False, 'clinicalSignificances': [{'type': 'Variant of uncertain significance', 'sources': ['ClinVar'], 'reviewStatus': 'criteria provided, single submitter'}]}, {'name': 'Hereditary cancer-predisposing syndrome', 'evidences': [{'code': 'ECO:0000313', 'source': {'name': 'pubmed', 'id': '25394175', 'url': 'https://www.ncbi.nlm.nih.gov/pubmed/25394175', 'alternativeUrl': 'https://europepmc.org/abstract/MED/25394175'}}, {'code': 'ECO:0000313', 'source': {'name': 'ClinVar', 'id': 'RCV001012079', 'url': 'https://www.ncbi.nlm.nih.gov/clinvar/RCV001012079', 'alternativeUrl': 'https://www.ensembl.org/homo_sapiens/Variation/Explore?v=RCV001012079'}}], 'disease': False, 'clinicalSignificances': [{'type': 'Likely benign', 'sources': ['ClinVar'], 'reviewStatus': 'criteria provided, single submitter'}]}]","[{'value': 'Hereditary cancer-predisposing syndrome', 'sources': ['ClinVar']}, {'value': 'Gastrointestinal stromal tumor', 'sources': ['ClinVar']}]",,,ClinGen,CA2923175,https://reg.clinicalgenome.org/redmine/projects/registry/genboree_registry/by_caid?caid=CA2923175,,benign,multi coding,0.394,PolyPhen,Ensembl,p.Asp52Asn,ENST00000288135,ClinVar,,MAF,2e-05
Likely pathogenic,R,136,136,4q12,['NC_000004.12:g.54698352T>C'],TGT/CGT,missense,C,R,0,large_scale_study,"[{'name': 'Gastrointestinal stromal tumor', 'dbReferences': [{'name': 'MIM', 'id': '606764', 'url': 'https://www.omim.org/entry/606764'}], 'evidences': [{'code': 'ECO:0000313', 'source': {'name': 'pubmed', 'id': '22685257', 'url': 'https://www.ncbi.nlm.nih.gov/pubmed/22685257', 'alternativeUrl': 'https://europepmc.org/abstract/MED/22685257'}}, {'code': 'ECO:0000313', 'source': {'name': 'pubmed', 'id': '23852704', 'url': 'https://www.ncbi.nlm.nih.gov/pubmed/23852704', 'alternativeUrl': 'https://europepmc.org/abstract/MED/23852704'}}, {'code': 'ECO:0000313', 'source': {'name': 'pubmed', 'id': '25394175', 'url': 'https://www.ncbi.nlm.nih.gov/pubmed/25394175', 'alternativeUrl': 'https://europepmc.org/abstract/MED/25394175'}}, {'code': 'ECO:0000313', 'source': {'name': 'ClinVar', 'id': 'RCV001307962', 'url': 'https://www.ncbi.nlm.nih.gov/clinvar/RCV001307962', 'alternativeUrl': 'https://www.ensembl.org/homo_sapiens/Variation/Explore?v=RCV001307962'}}], 'disease': False, 'clinicalSignificances': [{'type': 'Variant of uncertain significance', 'sources': ['ClinVar'], 'reviewStatus': 'criteria provided, multiple submitters, no conflicts'}]}]","[{'value': 'Gastrointestinal stromal tumor (gist)', 'sources': ['Ensembl']}, {'value': 'Gastrointestinal stromal tumor', 'sources': ['ClinVar']}]",,,ClinGen,CA356897517,https://reg.clinicalgenome.org/redmine/projects/registry/genboree_registry/by_caid?caid=CA356897517,,probably damaging,multi coding,0.999,PolyPhen,"Ensembl, ClinVar",p.Cys136Arg,ENST00000288135,,"criteria provided, single submitter",,
Likely pathogenic,L,197,197,4q12,['NC_000004.12:g.54698536C>T'],TCG/TTG,missense,S,L,0,large_scale_study,"[{'name': 'Adenomas and Adenocarcinomas', 'description': 'From tissue: Liver', 'disease': True}, {'name': 'Cutaneous mastocytosis', 'dbReferences': [{'name': 'MIM', 'id': '154800', 'url': 'https://www.omim.org/entry/154800'}], 'evidences': [{'code': 'ECO:0000313', 'source': {'name': 'ClinVar', 'id': 'RCV002262178', 'url': 'https://www.ncbi.nlm.nih.gov/clinvar/RCV002262178', 'alternativeUrl': 'https://www.ensembl.org/homo_sapiens/Variation/Explore?v=RCV002262178'}}], 'disease': True, 'clinicalSignificances': [{'type': 'Likely pathogenic', 'sources': ['ClinVar'], 'reviewStatus': 'criteria provided, single submitter'}]}, {'name': 'Gastrointestinal stromal tumor', 'dbReferences': [{'name': 'MIM', 'id': '606764', 'url': 'https://www.omim.org/entry/606764'}], 'evidences': [{'code': 'ECO:0000313', 'source': {'name': 'pubmed', 'id': '22685257', 'url': 'https://www.ncbi.nlm.nih.gov/pubmed/22685257', 'alternativeUrl': 'https://europepmc.org/abstract/MED/22685257'}}, {'code': 'ECO:0000313', 'source': {'name': 'pubmed', 'id': '23852704', 'url': 'https://www.ncbi.nlm.nih.gov/pubmed/23852704', 'alternativeUrl': 'https://europepmc.org/abstract/MED/23852704'}}, {'code': 'ECO:0000313', 'source': {'name': 'pubmed', 'id': '25394175', 'url': 'https://www.ncbi.nlm.nih.gov/pubmed/25394175', 'alternativeUrl': 'https://europepmc.org/abstract/MED/25394175'}}, {'code': 'ECO:0000313', 'source': {'name': 'ClinVar', 'id': 'RCV002262178', 'url': 'https://www.ncbi.nlm.nih.gov/clinvar/RCV002262178', 'alternativeUrl': 'https://www.ensembl.org/homo_sapiens/Variation/Explore?v=RCV002262178'}}], 'disease': True, 'clinicalSignificances': [{'type': 'Likely pathogenic', 'sources': ['ClinVar'], 'reviewStatus': 'criteria provided, single submitter'}]}, {'name': 'Myeloid Leukemias', 'description': 'From tissue: Bone marrow', 'disease': True}, {'name': 'Piebaldism', 'description': 'Piebaldism is a rare autosomal dominant trait characterized by the congenital absence of melanocytes in affected areas of the skin and hair.', 'dbReferences': [{'name': 'MIM', 'id': '172800', 'url': 'https://www.omim.org/entry/172800'}], 'evidences': [{'code': 'ECO:0000313', 'source': {'name': 'ClinVar', 'id': 'RCV002262178', 'url': 'https://www.ncbi.nlm.nih.gov/clinvar/RCV002262178', 'alternativeUrl': 'https://www.ensembl.org/homo_sapiens/Variation/Explore?v=RCV002262178'}}], 'disease': True, 'clinicalSignificances': [{'type': 'Likely pathogenic', 'sources': ['ClinVar'], 'reviewStatus': 'criteria provided, single submitter'}]}]","[{'value': 'Variant assessed as Somatic; MODERATE impact.', 'sources': ['NCI-TCGA']}, {'value': 'Gastrointestinal stromal tumor', 'sources': ['ClinVar']}]",,,NCI-TCGA,27e34f9f-94ee-49f4-9c76-a22178c1724f,,,possibly damaging,multi coding,0.494,PolyPhen,"Ensembl, ClinVar",p.S197L,ENST00000288135,,"criteria provided, single submitter",,
Likely pathogenic,W,197,197,4q12,['NC_000004.12:g.54698536C>G'],TCG/TGG,missense,S,W,0,large_scale_study,,,,,Ensembl,rs2109674601,https://www.ensembl.org/homo_sapiens/Variation/Explore?v=rs2109674601,,probably damaging,multi coding,0.952,PolyPhen,Ensembl,p.Ser197Trp,ENST00000288135,,,,
Likely pathogenic,*,427,427,4q12,['NC_000004.12:g.54723631C>T'],CAA/TAA,stop gained,Q,*,0,large_scale_study,,,,,ClinGen,CA356905534,https://reg.clinicalgenome.org/redmine/projects/registry/genboree_registry/by_caid?caid=CA356905534,,,,,,"Ensembl, ClinVar",p.Gln427Ter,ENST00000288135,ClinVar,"criteria provided, single submitter",MAF,0.0
Likely pathogenic,K,427,427,4q12,['NC_000004.12:g.54723631C>A'],CAA/AAA,missense,Q,K,0,large_scale_study,,,,,gnomAD,rs1306680919,https://gnomad.broadinstitute.org/variant/rs1306680919?dataset=gnomad_r2_1,,possibly damaging,multi coding,0.736,PolyPhen,Ensembl,p.Gln427Lys,ENST00000288135,,,,
Likely pathogenic,Q,551,558,4q12,['NC_000004.12:g.54727420_54727440del'],,-,PMYEVQWK,Q,1,large_scale_study,"[{'name': 'Gastrointestinal stromal tumor', 'dbReferences': [{'name': 'MIM', 'id': '606764', 'url': 'https://www.omim.org/entry/606764'}], 'evidences': [{'code': 'ECO:0000313', 'source': {'name': 'pubmed', 'id': '22685257', 'url': 'https://www.ncbi.nlm.nih.gov/pubmed/22685257', 'alternativeUrl': 'https://europepmc.org/abstract/MED/22685257'}}, {'code': 'ECO:0000313', 'source': {'name': 'pubmed', 'id': '23852704', 'url': 'https://www.ncbi.nlm.nih.gov/pubmed/23852704', 'alternativeUrl': 'https://europepmc.org/abstract/MED/23852704'}}, {'code': 'ECO:0000313', 'source': {'name': 'pubmed', 'id': '25394175', 'url': 'https://www.ncbi.nlm.nih.gov/pubmed/25394175', 'alternativeUrl': 'https://europepmc.org/abstract/MED/25394175'}}, {'code': 'ECO:0000313', 'source': {'name': 'ClinVar', 'id': 'RCV000771008', 'url': 'https://www.ncbi.nlm.nih.gov/clinvar/RCV000771008', 'alternativeUrl': 'https://www.ensembl.org/homo_sapiens/Variation/Explore?v=RCV000771008'}}], 'disease': True, 'clinicalSignificances': [{'type': 'Likely pathogenic', 'sources': ['ClinVar'], 'reviewStatus': 'criteria provided, single submitter'}]}]","[{'value': 'Gastrointestinal stromal tumor', 'sources': ['ClinVar']}]",,,ClinGen,CA913189819,https://reg.clinicalgenome.org/redmine/projects/registry/genboree_registry/by_caid?caid=CA913189819,,,,,,ClinVar,p.Pro551_Lys558delinsGln,ENST00000288135,,"criteria provided, single submitter",,
Likely pathogenic,K,552,554,4q12,['NC_000004.12:g.54727421_54727428delinsAA'],,-,MYE,K,1,large_scale_study,"[{'name': 'Gastrointestinal stromal tumor', 'dbReferences': [{'name': 'MIM', 'id': '606764', 'url': 'https://www.omim.org/entry/606764'}], 'evidences': [{'code': 'ECO:0000313', 'source': {'name': 'pubmed', 'id': '22685257', 'url': 'https://www.ncbi.nlm.nih.gov/pubmed/22685257', 'alternativeUrl': 'https://europepmc.org/abstract/MED/22685257'}}, {'code': 'ECO:0000313', 'source': {'name': 'pubmed', 'id': '23852704', 'url': 'https://www.ncbi.nlm.nih.gov/pubmed/23852704', 'alternativeUrl': 'https://europepmc.org/abstract/MED/23852704'}}, {'code': 'ECO:0000313', 'source': {'name': 'pubmed', 'id': '25394175', 'url': 'https://www.ncbi.nlm.nih.gov/pubmed/25394175', 'alternativeUrl': 'https://europepmc.org/abstract/MED/25394175'}}, {'code': 'ECO:0000313', 'source': {'name': 'ClinVar', 'id': 'RCV000771009', 'url': 'https://www.ncbi.nlm.nih.gov/clinvar/RCV000771009', 'alternativeUrl': 'https://www.ensembl.org/homo_sapiens/Variation/Explore?v=RCV000771009'}}], 'disease': True, 'clinicalSignificances': [{'type': 'Likely pathogenic', 'sources': ['ClinVar'], 'reviewStatus': 'criteria provided, single submitter'}]}]","[{'value': 'Gastrointestinal stromal tumor', 'sources': ['ClinVar']}]",,,ClinGen,CA913189820,https://reg.clinicalgenome.org/redmine/projects/registry/genboree_registry/by_caid?caid=CA913189820,,,,,,ClinVar,p.Met552_Glu554delinsLys,ENST00000288135,,"criteria provided, single submitter",,
Likely pathogenic,*,556,557,4q12,['NC_000004.12:g.54727436_54727454del'],,frameshift,QW,*,1,large_scale_study,"[{'name': 'Gastrointestinal stromal tumor', 'dbReferences': [{'name': 'MIM', 'id': '606764', 'url': 'https://www.omim.org/entry/606764'}], 'evidences': [{'code': 'ECO:0000313', 'source': {'name': 'pubmed', 'id': '22685257', 'url': 'https://www.ncbi.nlm.nih.gov/pubmed/22685257', 'alternativeUrl': 'https://europepmc.org/abstract/MED/22685257'}}, {'code': 'ECO:0000313', 'source': {'name': 'pubmed', 'id': '23852704', 'url': 'https://www.ncbi.nlm.nih.gov/pubmed/23852704', 'alternativeUrl': 'https://europepmc.org/abstract/MED/23852704'}}, {'code': 'ECO:0000313', 'source': {'name': 'pubmed', 'id': '25394175', 'url': 'https://www.ncbi.nlm.nih.gov/pubmed/25394175', 'alternativeUrl': 'https://europepmc.org/abstract/MED/25394175'}}, {'code': 'ECO:0000313', 'source': {'name': 'ClinVar', 'id': 'RCV000771011', 'url': 'https://www.ncbi.nlm.nih.gov/clinvar/RCV000771011', 'alternativeUrl': 'https://www.ensembl.org/homo_sapiens/Variation/Explore?v=RCV000771011'}}], 'disease': True, 'clinicalSignificances': [{'type': 'Likely pathogenic', 'sources': ['ClinVar'], 'reviewStatus': 'criteria provided, single submitter'}]}]","[{'value': 'Gastrointestinal stromal tumor', 'sources': ['ClinVar']}]",,,ClinGen,CA913189822,https://reg.clinicalgenome.org/redmine/projects/registry/genboree_registry/by_caid?caid=CA913189822,,,,,,ClinVar,p.Gln556_Trp557insTer,ENST00000288135,,"criteria provided, single submitter",,
Likely pathogenic,,557,558,4q12,['NC_000004.12:g.54727433_54727440delinsCC'],,inframe deletion,WK,,1,large_scale_study,"[{'name': 'Gastrointestinal stromal tumor', 'dbReferences': [{'name': 'MIM', 'id': '606764', 'url': 'https://www.omim.org/entry/606764'}], 'evidences': [{'code': 'ECO:0000313', 'source': {'name': 'pubmed', 'id': '22685257', 'url': 'https://www.ncbi.nlm.nih.gov/pubmed/22685257', 'alternativeUrl': 'https://europepmc.org/abstract/MED/22685257'}}, {'code': 'ECO:0000313', 'source': {'name': 'pubmed', 'id': '23852704', 'url': 'https://www.ncbi.nlm.nih.gov/pubmed/23852704', 'alternativeUrl': 'https://europepmc.org/abstract/MED/23852704'}}, {'code': 'ECO:0000313', 'source': {'name': 'pubmed', 'id': '25394175', 'url': 'https://www.ncbi.nlm.nih.gov/pubmed/25394175', 'alternativeUrl': 'https://europepmc.org/abstract/MED/25394175'}}, {'code': 'ECO:0000313', 'source': {'name': 'ClinVar', 'id': 'RCV000771010', 'url': 'https://www.ncbi.nlm.nih.gov/clinvar/RCV000771010', 'alternativeUrl': 'https://www.ensembl.org/homo_sapiens/Variation/Explore?v=RCV000771010'}}], 'disease': True, 'clinicalSignificances': [{'type': 'Likely pathogenic', 'sources': ['ClinVar'], 'reviewStatus': 'criteria provided, single submitter'}]}]","[{'value': 'Gastrointestinal stromal tumor', 'sources': ['ClinVar']}]",,,ClinGen,CA913189821,https://reg.clinicalgenome.org/redmine/projects/registry/genboree_registry/by_caid?caid=CA913189821,,,,,,ClinVar,p.Trp557_Lys558del,ENST00000288135,,"criteria provided, single submitter",,
Likely pathogenic,C,557,557,4q12,"['NC_000004.12:g.54727439G>T', 'NC_000004.12:g.54727439G>C']",TGG/TGT,missense,W,C,1,large_scale_study,"[{'name': 'Germ Cell Neoplasms', 'description': 'From tissue: Testis, NOS', 'disease': True}, {'name': 'Gastrointestinal stromal tumor', 'dbReferences': [{'name': 'MIM', 'id': '606764', 'url': 'https://www.omim.org/entry/606764'}], 'evidences': [{'code': 'ECO:0000313', 'source': {'name': 'pubmed', 'id': '22685257', 'url': 'https://www.ncbi.nlm.nih.gov/pubmed/22685257', 'alternativeUrl': 'https://europepmc.org/abstract/MED/22685257'}}, {'code': 'ECO:0000313', 'source': {'name': 'pubmed', 'id': '23852704', 'url': 'https://www.ncbi.nlm.nih.gov/pubmed/23852704', 'alternativeUrl': 'https://europepmc.org/abstract/MED/23852704'}}, {'code': 'ECO:0000313', 'source': {'name': 'pubmed', 'id': '25394175', 'url': 'https://www.ncbi.nlm.nih.gov/pubmed/25394175', 'alternativeUrl': 'https://europepmc.org/abstract/MED/25394175'}}, {'code': 'ECO:0000313', 'source': {'name': 'ClinVar', 'id': 'RCV000439662', 'url': 'https://www.ncbi.nlm.nih.gov/clinvar/RCV000439662', 'alternativeUrl': 'https://www.ensembl.org/homo_sapiens/Variation/Explore?v=RCV000439662'}}], 'disease': True}]","[{'value': 'Variant assessed as Somatic; MODERATE impact.', 'sources': ['NCI-TCGA']}, {'value': 'Gastrointestinal stromal tumor (gist)', 'sources': ['Ensembl']}, {'value': 'Gastrointestinal stromal tumor', 'sources': ['ClinVar']}]",,,NCI-TCGA,84f6b4ce-c80b-4042-b5be-5f668fcb3b8c,,,probably damaging,multi coding,0.988,PolyPhen,Ensembl,p.W557C,ENST00000288135,,,,
Likely pathogenic,F,557,557,4q12,['NC_000004.12:g.54727438_54727439delinsTT'],TGG/TTT,missense,W,F,0,large_scale_study,,"[{'value': 'Gastrointestinal stromal tumor (gist)', 'sources': ['Ensembl']}]",,,Ensembl,rs1057520035,https://www.ensembl.org/homo_sapiens/Variation/Explore?v=rs1057520035,,probably damaging,multi coding,0.992,PolyPhen,Ensembl,p.Trp557Phe,ENST00000288135,,,,
Likely pathogenic,,557,558,4q12,['NC_000004.12:g.54727437_54727442del'],,inframe deletion,WK,,1,large_scale_study,"[{'name': 'Gastrointestinal stromal tumor', 'dbReferences': [{'name': 'MIM', 'id': '606764', 'url': 'https://www.omim.org/entry/606764'}], 'evidences': [{'code': 'ECO:0000313', 'source': {'name': 'pubmed', 'id': '22685257', 'url': 'https://www.ncbi.nlm.nih.gov/pubmed/22685257', 'alternativeUrl': 'https://europepmc.org/abstract/MED/22685257'}}, {'code': 'ECO:0000313', 'source': {'name': 'pubmed', 'id': '23852704', 'url': 'https://www.ncbi.nlm.nih.gov/pubmed/23852704', 'alternativeUrl': 'https://europepmc.org/abstract/MED/23852704'}}, {'code': 'ECO:0000313', 'source': {'name': 'pubmed', 'id': '25394175', 'url': 'https://www.ncbi.nlm.nih.gov/pubmed/25394175', 'alternativeUrl': 'https://europepmc.org/abstract/MED/25394175'}}, {'code': 'ECO:0000313', 'source': {'name': 'ClinVar', 'id': 'RCV000208566', 'url': 'https://www.ncbi.nlm.nih.gov/clinvar/RCV000208566', 'alternativeUrl': 'https://www.ensembl.org/homo_sapiens/Variation/Explore?v=RCV000208566'}}], 'disease': True, 'clinicalSignificances': [{'type': 'Likely pathogenic', 'sources': ['ClinVar'], 'reviewStatus': 'criteria provided, single submitter'}]}]","[{'value': 'Gastrointestinal stromal tumor', 'sources': ['ClinVar']}]",,,ClinGen,CA356974,https://reg.clinicalgenome.org/redmine/projects/registry/genboree_registry/by_caid?caid=CA356974,,,,,,ClinVar,p.Trp557_Lys558del,ENST00000288135,,"criteria provided, single submitter",,
Likely pathogenic,*,558,558,4q12,['NC_000004.12:g.54727440A>T'],AAG/TAG,stop gained,K,*,0,large_scale_study,,"[{'value': 'Gastrointestinal stromal tumor (gist)', 'sources': ['Ensembl']}]",,,Ensembl,rs1057520031,https://www.ensembl.org/homo_sapiens/Variation/Explore?v=rs1057520031,,,,,,Ensembl,p.Lys558Ter,ENST00000288135,,,,
Likely pathogenic,E,558,558,4q12,['NC_000004.12:g.54727440A>G'],AAG/GAG,missense,K,E,0,large_scale_study,"[{'name': 'Gliomas', 'description': 'From tissue: Cerebrum', 'disease': True}]","[{'value': 'Gastrointestinal stromal tumor (gist)', 'sources': ['Ensembl']}, {'value': 'Variant assessed as Somatic; MODERATE impact.', 'sources': ['NCI-TCGA']}]",,,NCI-TCGA,32708ab1-d0d7-437a-a7aa-3b93b5d4237b,,,probably damaging,multi coding,0.997,PolyPhen,"Ensembl, NCI-TCGA",p.K558E,ENST00000288135,,,,
Likely pathogenic,Q,558,558,4q12,['NC_000004.12:g.54727440A>C'],AAG/CAG,missense,K,Q,1,large_scale_study,"[{'name': 'Gastrointestinal stromal tumor', 'dbReferences': [{'name': 'MIM', 'id': '606764', 'url': 'https://www.omim.org/entry/606764'}], 'evidences': [{'code': 'ECO:0000313', 'source': {'name': 'pubmed', 'id': '22685257', 'url': 'https://www.ncbi.nlm.nih.gov/pubmed/22685257', 'alternativeUrl': 'https://europepmc.org/abstract/MED/22685257'}}, {'code': 'ECO:0000313', 'source': {'name': 'pubmed', 'id': '23852704', 'url': 'https://www.ncbi.nlm.nih.gov/pubmed/23852704', 'alternativeUrl': 'https://europepmc.org/abstract/MED/23852704'}}, {'code': 'ECO:0000313', 'source': {'name': 'pubmed', 'id': '25394175', 'url': 'https://www.ncbi.nlm.nih.gov/pubmed/25394175', 'alternativeUrl': 'https://europepmc.org/abstract/MED/25394175'}}, {'code': 'ECO:0000313', 'source': {'name': 'ClinVar', 'id': 'RCV000428356', 'url': 'https://www.ncbi.nlm.nih.gov/clinvar/RCV000428356', 'alternativeUrl': 'https://www.ensembl.org/homo_sapiens/Variation/Explore?v=RCV000428356'}}], 'disease': True}]","[{'value': 'Gastrointestinal stromal tumor (gist)', 'sources': ['Ensembl']}, {'value': 'Gastrointestinal stromal tumor', 'sources': ['ClinVar']}]",,,ClinGen,CA16603138,https://reg.clinicalgenome.org/redmine/projects/registry/genboree_registry/by_caid?caid=CA16603138,,probably damaging,multi coding,1.0,PolyPhen,Ensembl,p.Lys558Gln,ENST00000288135,,,,
Likely pathogenic,A,559,574,4q12,['NC_000004.12:g.54727444_54727488del'],,-,VVEEINGNNYVYIDPT,A,1,large_scale_study,"[{'name': 'Gastrointestinal stromal tumor', 'dbReferences': [{'name': 'MIM', 'id': '606764', 'url': 'https://www.omim.org/entry/606764'}], 'evidences': [{'code': 'ECO:0000313', 'source': {'name': 'pubmed', 'id': '22685257', 'url': 'https://www.ncbi.nlm.nih.gov/pubmed/22685257', 'alternativeUrl': 'https://europepmc.org/abstract/MED/22685257'}}, {'code': 'ECO:0000313', 'source': {'name': 'pubmed', 'id': '23852704', 'url': 'https://www.ncbi.nlm.nih.gov/pubmed/23852704', 'alternativeUrl': 'https://europepmc.org/abstract/MED/23852704'}}, {'code': 'ECO:0000313', 'source': {'name': 'pubmed', 'id': '25394175', 'url': 'https://www.ncbi.nlm.nih.gov/pubmed/25394175', 'alternativeUrl': 'https://europepmc.org/abstract/MED/25394175'}}, {'code': 'ECO:0000313', 'source': {'name': 'ClinVar', 'id': 'RCV000771012', 'url': 'https://www.ncbi.nlm.nih.gov/clinvar/RCV000771012', 'alternativeUrl': 'https://www.ensembl.org/homo_sapiens/Variation/Explore?v=RCV000771012'}}], 'disease': True, 'clinicalSignificances': [{'type': 'Likely pathogenic', 'sources': ['ClinVar'], 'reviewStatus': 'criteria provided, single submitter'}]}]","[{'value': 'Gastrointestinal stromal tumor', 'sources': ['ClinVar']}]",,,ClinGen,CA913189823,https://reg.clinicalgenome.org/redmine/projects/registry/genboree_registry/by_caid?caid=CA913189823,,,,,,ClinVar,p.Val559_Thr574delinsAla,ENST00000288135,,"criteria provided, single submitter",,
Likely pathogenic,F,559,559,4q12,['NC_000004.12:g.54727443G>T'],GTT/TTT,missense,V,F,1,large_scale_study,"[{'name': 'Gastrointestinal stromal tumor', 'dbReferences': [{'name': 'MIM', 'id': '606764', 'url': 'https://www.omim.org/entry/606764'}], 'evidences': [{'code': 'ECO:0000313', 'source': {'name': 'pubmed', 'id': '22685257', 'url': 'https://www.ncbi.nlm.nih.gov/pubmed/22685257', 'alternativeUrl': 'https://europepmc.org/abstract/MED/22685257'}}, {'code': 'ECO:0000313', 'source': {'name': 'pubmed', 'id': '23852704', 'url': 'https://www.ncbi.nlm.nih.gov/pubmed/23852704', 'alternativeUrl': 'https://europepmc.org/abstract/MED/23852704'}}, {'code': 'ECO:0000313', 'source': {'name': 'pubmed', 'id': '25394175', 'url': 'https://www.ncbi.nlm.nih.gov/pubmed/25394175', 'alternativeUrl': 'https://europepmc.org/abstract/MED/25394175'}}, {'code': 'ECO:0000313', 'source': {'name': 'ClinVar', 'id': 'RCV001228656', 'url': 'https://www.ncbi.nlm.nih.gov/clinvar/RCV001228656', 'alternativeUrl': 'https://www.ensembl.org/homo_sapiens/Variation/Explore?v=RCV001228656'}}], 'disease': False, 'clinicalSignificances': [{'type': 'Variant of uncertain significance', 'sources': ['ClinVar'], 'reviewStatus': 'criteria provided, single submitter'}]}, {'name': 'Hereditary cancer-predisposing syndrome', 'evidences': [{'code': 'ECO:0000313', 'source': {'name': 'pubmed', 'id': '25394175', 'url': 'https://www.ncbi.nlm.nih.gov/pubmed/25394175', 'alternativeUrl': 'https://europepmc.org/abstract/MED/25394175'}}, {'code': 'ECO:0000313', 'source': {'name': 'ClinVar', 'id': 'RCV004951367', 'url': 'https://www.ncbi.nlm.nih.gov/clinvar/RCV004951367', 'alternativeUrl': 'https://www.ensembl.org/homo_sapiens/Variation/Explore?v=RCV004951367'}}], 'disease': False, 'clinicalSignificances': [{'type': 'Variant of uncertain significance', 'sources': ['ClinVar'], 'reviewStatus': 'criteria provided, single submitter'}]}]","[{'value': 'Gastrointestinal stromal tumor (gist)', 'sources': ['Ensembl']}, {'value': 'Hereditary cancer-predisposing syndrome', 'sources': ['ClinVar']}, {'value': 'Gastrointestinal stromal tumor', 'sources': ['ClinVar']}]",,,ClinGen,CA356907472,https://reg.clinicalgenome.org/redmine/projects/registry/genboree_registry/by_caid?caid=CA356907472,,possibly damaging,multi coding,0.839,PolyPhen,Ensembl,p.Val559Phe,ENST00000288135,,,,
Likely pathogenic,I,559,559,4q12,['NC_000004.12:g.54727443G>A'],GTT/ATT,missense,V,I,0,large_scale_study,"[{'name': 'Gastrointestinal stromal tumor', 'dbReferences': [{'name': 'MIM', 'id': '606764', 'url': 'https://www.omim.org/entry/606764'}], 'evidences': [{'code': 'ECO:0000313', 'source': {'name': 'pubmed', 'id': '22685257', 'url': 'https://www.ncbi.nlm.nih.gov/pubmed/22685257', 'alternativeUrl': 'https://europepmc.org/abstract/MED/22685257'}}, {'code': 'ECO:0000313', 'source': {'name': 'pubmed', 'id': '23852704', 'url': 'https://www.ncbi.nlm.nih.gov/pubmed/23852704', 'alternativeUrl': 'https://europepmc.org/abstract/MED/23852704'}}, {'code': 'ECO:0000313', 'source': {'name': 'pubmed', 'id': '25394175', 'url': 'https://www.ncbi.nlm.nih.gov/pubmed/25394175', 'alternativeUrl': 'https://europepmc.org/abstract/MED/25394175'}}, {'code': 'ECO:0000313', 'source': {'name': 'ClinVar', 'id': 'RCV000436995', 'url': 'https://www.ncbi.nlm.nih.gov/clinvar/RCV000436995', 'alternativeUrl': 'https://www.ensembl.org/homo_sapiens/Variation/Explore?v=RCV000436995'}}], 'disease': False, 'clinicalSignificances': [{'type': 'Variant of uncertain significance', 'sources': ['ClinVar'], 'reviewStatus': 'criteria provided, single submitter'}]}]","[{'value': 'Gastrointestinal stromal tumor (gist)', 'sources': ['Ensembl']}, {'value': 'Gastrointestinal stromal tumor', 'sources': ['ClinVar']}]",,,ClinGen,CA16602523,https://reg.clinicalgenome.org/redmine/projects/registry/genboree_registry/by_caid?caid=CA16602523,,benign,multi coding,0.133,PolyPhen,Ensembl,p.Val559Ile,ENST00000288135,,,,
Likely pathogenic,L,559,559,4q12,['NC_000004.12:g.54727443G>C'],GTT/CTT,missense,V,L,0,large_scale_study,,"[{'value': 'Gastrointestinal stromal tumor (gist)', 'sources': ['Ensembl']}]",,,Ensembl,rs121913520,https://www.ensembl.org/homo_sapiens/Variation/Explore?v=rs121913520,,benign,multi coding,0.083,PolyPhen,Ensembl,p.Val559Leu,ENST00000288135,,,,
Likely pathogenic,,575,589,4q12,['NC_000004.12:g.54727490_54727534dup'],,insertion,QLPYDHKWEFPRNRL,,1,large_scale_study,"[{'name': 'Gastrointestinal stromal tumor', 'dbReferences': [{'name': 'MIM', 'id': '606764', 'url': 'https://www.omim.org/entry/606764'}], 'evidences': [{'code': 'ECO:0000313', 'source': {'name': 'pubmed', 'id': '22685257', 'url': 'https://www.ncbi.nlm.nih.gov/pubmed/22685257', 'alternativeUrl': 'https://europepmc.org/abstract/MED/22685257'}}, {'code': 'ECO:0000313', 'source': {'name': 'pubmed', 'id': '23852704', 'url': 'https://www.ncbi.nlm.nih.gov/pubmed/23852704', 'alternativeUrl': 'https://europepmc.org/abstract/MED/23852704'}}, {'code': 'ECO:0000313', 'source': {'name': 'pubmed', 'id': '25394175', 'url': 'https://www.ncbi.nlm.nih.gov/pubmed/25394175', 'alternativeUrl': 'https://europepmc.org/abstract/MED/25394175'}}, {'code': 'ECO:0000313', 'source': {'name': 'ClinVar', 'id': 'RCV000771015', 'url': 'https://www.ncbi.nlm.nih.gov/clinvar/RCV000771015', 'alternativeUrl': 'https://www.ensembl.org/homo_sapiens/Variation/Explore?v=RCV000771015'}}], 'disease': True, 'clinicalSignificances': [{'type': 'Likely pathogenic', 'sources': ['ClinVar'], 'reviewStatus': 'criteria provided, single submitter'}]}]","[{'value': 'Gastrointestinal stromal tumor', 'sources': ['ClinVar']}]",,,ClinGen,CA913189826,https://reg.clinicalgenome.org/redmine/projects/registry/genboree_registry/by_caid?caid=CA913189826,,,,,,ClinVar,p.Gln575_Leu589dup,ENST00000288135,,"criteria provided, single submitter",,
Likely pathogenic,NPTQLPYDHKWEFP,586,587,4q12,['NC_000004.12:g.54727483_54727524dup'],,insertion,RN,NPTQLPYDHKWEFP,1,large_scale_study,"[{'name': 'Gastrointestinal stromal tumor', 'dbReferences': [{'name': 'MIM', 'id': '606764', 'url': 'https://www.omim.org/entry/606764'}], 'evidences': [{'code': 'ECO:0000313', 'source': {'name': 'pubmed', 'id': '22685257', 'url': 'https://www.ncbi.nlm.nih.gov/pubmed/22685257', 'alternativeUrl': 'https://europepmc.org/abstract/MED/22685257'}}, {'code': 'ECO:0000313', 'source': {'name': 'pubmed', 'id': '23852704', 'url': 'https://www.ncbi.nlm.nih.gov/pubmed/23852704', 'alternativeUrl': 'https://europepmc.org/abstract/MED/23852704'}}, {'code': 'ECO:0000313', 'source': {'name': 'pubmed', 'id': '25394175', 'url': 'https://www.ncbi.nlm.nih.gov/pubmed/25394175', 'alternativeUrl': 'https://europepmc.org/abstract/MED/25394175'}}, {'code': 'ECO:0000313', 'source': {'name': 'ClinVar', 'id': 'RCV000771013', 'url': 'https://www.ncbi.nlm.nih.gov/clinvar/RCV000771013', 'alternativeUrl': 'https://www.ensembl.org/homo_sapiens/Variation/Explore?v=RCV000771013'}}], 'disease': True, 'clinicalSignificances': [{'type': 'Likely pathogenic', 'sources': ['ClinVar'], 'reviewStatus': 'criteria provided, single submitter'}]}]","[{'value': 'Gastrointestinal stromal tumor', 'sources': ['ClinVar']}]",,,ClinGen,CA913189824,https://reg.clinicalgenome.org/redmine/projects/registry/genboree_registry/by_caid?caid=CA913189824,,,,,,ClinVar,p.Arg586_Asn587insAsnProThrGlnLeuProTyrAspHisLysTrpGluPhePro,ENST00000288135,,"criteria provided, single submitter",,
Likely pathogenic,PQLPYDHKWEFPRNR,588,589,4q12,['NC_000004.12:g.54727489_54727533dup'],,insertion,RL,PQLPYDHKWEFPRNR,1,large_scale_study,"[{'name': 'Gastrointestinal stromal tumor', 'dbReferences': [{'name': 'MIM', 'id': '606764', 'url': 'https://www.omim.org/entry/606764'}], 'evidences': [{'code': 'ECO:0000313', 'source': {'name': 'pubmed', 'id': '22685257', 'url': 'https://www.ncbi.nlm.nih.gov/pubmed/22685257', 'alternativeUrl': 'https://europepmc.org/abstract/MED/22685257'}}, {'code': 'ECO:0000313', 'source': {'name': 'pubmed', 'id': '23852704', 'url': 'https://www.ncbi.nlm.nih.gov/pubmed/23852704', 'alternativeUrl': 'https://europepmc.org/abstract/MED/23852704'}}, {'code': 'ECO:0000313', 'source': {'name': 'pubmed', 'id': '25394175', 'url': 'https://www.ncbi.nlm.nih.gov/pubmed/25394175', 'alternativeUrl': 'https://europepmc.org/abstract/MED/25394175'}}, {'code': 'ECO:0000313', 'source': {'name': 'ClinVar', 'id': 'RCV000771014', 'url': 'https://www.ncbi.nlm.nih.gov/clinvar/RCV000771014', 'alternativeUrl': 'https://www.ensembl.org/homo_sapiens/Variation/Explore?v=RCV000771014'}}], 'disease': True, 'clinicalSignificances': [{'type': 'Likely pathogenic', 'sources': ['ClinVar'], 'reviewStatus': 'criteria provided, single submitter'}]}]","[{'value': 'Gastrointestinal stromal tumor', 'sources': ['ClinVar']}]",,,ClinGen,CA913189825,https://reg.clinicalgenome.org/redmine/projects/registry/genboree_registry/by_caid?caid=CA913189825,,,,,,ClinVar,p.Arg588_Leu589insProGlnLeuProTyrAspHisLysTrpGluPheProArgAsnArg,ENST00000288135,,"criteria provided, single submitter",,
Likely pathogenic,N,642,642,4q12,"['NC_000004.12:g.54728057A>T', 'NC_000004.12:g.54728057A>C']",AAA/AAT,missense,K,N,0,large_scale_study,"[{'name': 'Adenomas and Adenocarcinomas', 'description': 'From tissue: Fundus of stomach', 'disease': True}]","[{'value': 'Variant assessed as Somatic; MODERATE impact.', 'sources': ['NCI-TCGA']}]",,,Ensembl,rs1057519907,https://www.ensembl.org/homo_sapiens/Variation/Explore?v=rs1057519907,,probably damaging,multi coding,1.0,PolyPhen,Ensembl,p.Lys642Asn,ENST00000288135,,,,
Likely pathogenic,R,667,667,4q12,['NC_000004.12:g.54729344T>G'],CTG/CGG,missense,L,R,0,large_scale_study,"[{'name': 'Piebaldism', 'description': 'Piebaldism is a rare autosomal dominant trait characterized by the congenital absence of melanocytes in affected areas of the skin and hair.', 'dbReferences': [{'name': 'MIM', 'id': '172800', 'url': 'https://www.omim.org/entry/172800'}], 'evidences': [{'code': 'ECO:0000313', 'source': {'name': 'ClinVar', 'id': 'RCV000522612', 'url': 'https://www.ncbi.nlm.nih.gov/clinvar/RCV000522612', 'alternativeUrl': 'https://www.ensembl.org/homo_sapiens/Variation/Explore?v=RCV000522612'}}], 'disease': True, 'clinicalSignificances': [{'type': 'Likely pathogenic', 'sources': ['ClinVar'], 'reviewStatus': 'criteria provided, single submitter'}]}]","[{'value': 'Piebaldism', 'sources': ['ClinVar']}]",,,ClinGen,CA356909166,https://reg.clinicalgenome.org/redmine/projects/registry/genboree_registry/by_caid?caid=CA356909166,,probably damaging,multi coding,1.0,PolyPhen,"Ensembl, ClinVar",p.Leu667Arg,ENST00000288135,,"criteria provided, single submitter",,
Likely pathogenic,,748,748,4q12,['NC_000004.12:g.54731881_54731890del'],,frameshift,I,,0,large_scale_study,"[{'name': 'Piebaldism', 'description': 'Piebaldism is a rare autosomal dominant trait characterized by the congenital absence of melanocytes in affected areas of the skin and hair.', 'dbReferences': [{'name': 'MIM', 'id': '172800', 'url': 'https://www.omim.org/entry/172800'}], 'evidences': [{'code': 'ECO:0000313', 'source': {'name': 'ClinVar', 'id': 'RCV001809144', 'url': 'https://www.ncbi.nlm.nih.gov/clinvar/RCV001809144', 'alternativeUrl': 'https://www.ensembl.org/homo_sapiens/Variation/Explore?v=RCV001809144'}}], 'disease': True, 'clinicalSignificances': [{'type': 'Likely pathogenic', 'sources': ['ClinVar'], 'reviewStatus': 'criteria provided, single submitter'}]}]","[{'value': 'Piebaldism', 'sources': ['ClinVar']}]",,,ClinGen,CA2573052337,https://reg.clinicalgenome.org/redmine/projects/registry/genboree_registry/by_caid?caid=CA2573052337,,,,,,ClinVar,p.Ile748fs,ENST00000288135,,"criteria provided, single submitter",,
Likely pathogenic,D,823,823,4q12,['NC_000004.12:g.54733175T>G'],TAT/GAT,missense,Y,D,0,large_scale_study,,"[{'value': 'Gastrointestinal stromal tumor (gist)', 'sources': ['Ensembl']}]",,,Ensembl,rs1057519761,https://www.ensembl.org/homo_sapiens/Variation/Explore?v=rs1057519761,,probably damaging,multi coding,1.0,PolyPhen,Ensembl,p.Tyr823Asp,ENST00000288135,,,,
Likely pathogenic,H,823,823,4q12,['NC_000004.12:g.54733175T>C'],TAT/CAT,missense,Y,H,0,large_scale_study,,"[{'value': 'Gastrointestinal stromal tumor (gist)', 'sources': ['Ensembl']}]",,,Ensembl,rs1057519761,https://www.ensembl.org/homo_sapiens/Variation/Explore?v=rs1057519761,,probably damaging,multi coding,1.0,PolyPhen,Ensembl,p.Tyr823His,ENST00000288135,,,,
Likely pathogenic,N,823,823,4q12,['NC_000004.12:g.54733175T>A'],TAT/AAT,missense,Y,N,0,large_scale_study,,"[{'value': 'Gastrointestinal stromal tumor (gist)', 'sources': ['Ensembl']}]",,,Ensembl,rs1057519761,https://www.ensembl.org/homo_sapiens/Variation/Explore?v=rs1057519761,,probably damaging,multi coding,1.0,PolyPhen,Ensembl,p.Tyr823Asn,ENST00000288135,,,,
Likely pathogenic,A,825,825,4q12,['NC_000004.12:g.54733182T>C'],GTT/GCT,missense,V,A,0,large_scale_study,,,,,Ensembl,rs121913524,https://www.ensembl.org/homo_sapiens/Variation/Explore?v=rs121913524,,probably damaging,multi coding,1.0,PolyPhen,Ensembl,p.Val825Ala,ENST00000288135,,,,
Likely pathogenic,D,825,825,4q12,['NC_000004.12:g.54733182T>A'],GTT/GAT,missense,V,D,1,large_scale_study,"[{'name': 'Germ Cell Neoplasms', 'description': 'From tissue: Testis, NOS', 'disease': True}]","[{'value': 'Variant assessed as Somatic; MODERATE impact.', 'sources': ['NCI-TCGA']}]",,,NCI-TCGA,601de95c-32fc-456a-b7ea-db740dbc780f,,,probably damaging,multi coding,0.999,PolyPhen,Ensembl,p.V825D,ENST00000288135,,,,
Likely pathogenic,G,825,825,4q12,['NC_000004.12:g.54733182T>G'],GTT/GGT,missense,V,G,0,large_scale_study,,,,,Ensembl,rs121913524,https://www.ensembl.org/homo_sapiens/Variation/Explore?v=rs121913524,,probably damaging,multi coding,1.0,PolyPhen,Ensembl,p.Val825Gly,ENST00000288135,,,,
Likely pathogenic,A,832,832,4q12,['NC_000004.12:g.54736507C>G'],CCT/GCT,missense,P,A,0,large_scale_study,,,,,Ensembl,rs2109810899,https://www.ensembl.org/homo_sapiens/Variation/Explore?v=rs2109810899,,probably damaging,multi coding,0.997,PolyPhen,Ensembl,p.Pro832Ala,ENST00000288135,,,,
Likely pathogenic,S,832,832,4q12,['NC_000004.12:g.54736507C>T'],CCT/TCT,missense,P,S,0,large_scale_study,,,,,Ensembl,rs2109810899,https://www.ensembl.org/homo_sapiens/Variation/Explore?v=rs2109810899,,probably damaging,multi coding,0.988,PolyPhen,Ensembl,p.Pro832Ser,ENST00000288135,,,,
Likely pathogenic,C,855,855,4q12,['NC_000004.12:g.54736577A>G'],TAT/TGT,missense,Y,C,0,large_scale_study,"[{'name': 'Acute myeloid leukemia (AML)', 'description': 'A clonal expansion of myeloid blasts in the bone marrow, blood or other tissues.', 'dbReferences': [{'name': 'MIM', 'id': '601626', 'url': 'https://www.omim.org/entry/601626'}], 'evidences': [{'code': 'ECO:0000313', 'source': {'name': 'pubmed', 'id': '20963938', 'url': 'https://www.ncbi.nlm.nih.gov/pubmed/20963938', 'alternativeUrl': 'https://europepmc.org/abstract/MED/20963938'}}, {'code': 'ECO:0000313', 'source': {'name': 'pubmed', 'id': '22138009', 'url': 'https://www.ncbi.nlm.nih.gov/pubmed/22138009', 'alternativeUrl': 'https://europepmc.org/abstract/MED/22138009'}}, {'code': 'ECO:0000313', 'source': {'name': 'pubmed', 'id': '23970018', 'url': 'https://www.ncbi.nlm.nih.gov/pubmed/23970018', 'alternativeUrl': 'https://europepmc.org/abstract/MED/23970018'}}, {'code': 'ECO:0000313', 'source': {'name': 'pubmed', 'id': '32171751', 'url': 'https://www.ncbi.nlm.nih.gov/pubmed/32171751', 'alternativeUrl': 'https://europepmc.org/abstract/MED/32171751'}}, {'code': 'ECO:0000313', 'source': {'name': 'pubmed', 'id': '33226740', 'url': 'https://www.ncbi.nlm.nih.gov/pubmed/33226740', 'alternativeUrl': 'https://europepmc.org/abstract/MED/33226740'}}, {'code': 'ECO:0000313', 'source': {'name': 'pubmed', 'id': '33661592', 'url': 'https://www.ncbi.nlm.nih.gov/pubmed/33661592', 'alternativeUrl': 'https://europepmc.org/abstract/MED/33661592'}}, {'code': 'ECO:0000313', 'source': {'name': 'pubmed', 'id': '34723452', 'url': 'https://www.ncbi.nlm.nih.gov/pubmed/34723452', 'alternativeUrl': 'https://europepmc.org/abstract/MED/34723452'}}, {'code': 'ECO:0000313', 'source': {'name': 'ClinVar', 'id': 'RCV003224519', 'url': 'https://www.ncbi.nlm.nih.gov/clinvar/RCV003224519', 'alternativeUrl': 'https://www.ensembl.org/homo_sapiens/Variation/Explore?v=RCV003224519'}}], 'disease': False, 'clinicalSignificances': [{'type': 'Variant of uncertain significance', 'sources': ['ClinVar'], 'reviewStatus': 'criteria provided, single submitter'}]}, {'name': 'Cutaneous mastocytosis', 'dbReferences': [{'name': 'MIM', 'id': '154800', 'url': 'https://www.omim.org/entry/154800'}], 'evidences': [{'code': 'ECO:0000313', 'source': {'name': 'ClinVar', 'id': 'RCV003224519', 'url': 'https://www.ncbi.nlm.nih.gov/clinvar/RCV003224519', 'alternativeUrl': 'https://www.ensembl.org/homo_sapiens/Variation/Explore?v=RCV003224519'}}], 'disease': False, 'clinicalSignificances': [{'type': 'Variant of uncertain significance', 'sources': ['ClinVar'], 'reviewStatus': 'criteria provided, single submitter'}]}, {'name': 'Gastrointestinal stromal tumor', 'dbReferences': [{'name': 'MIM', 'id': '606764', 'url': 'https://www.omim.org/entry/606764'}], 'evidences': [{'code': 'ECO:0000313', 'source': {'name': 'pubmed', 'id': '22685257', 'url': 'https://www.ncbi.nlm.nih.gov/pubmed/22685257', 'alternativeUrl': 'https://europepmc.org/abstract/MED/22685257'}}, {'code': 'ECO:0000313', 'source': {'name': 'pubmed', 'id': '23852704', 'url': 'https://www.ncbi.nlm.nih.gov/pubmed/23852704', 'alternativeUrl': 'https://europepmc.org/abstract/MED/23852704'}}, {'code': 'ECO:0000313', 'source': {'name': 'pubmed', 'id': '25394175', 'url': 'https://www.ncbi.nlm.nih.gov/pubmed/25394175', 'alternativeUrl': 'https://europepmc.org/abstract/MED/25394175'}}, {'code': 'ECO:0000313', 'source': {'name': 'ClinVar', 'id': 'RCV001063359', 'url': 'https://www.ncbi.nlm.nih.gov/clinvar/RCV001063359', 'alternativeUrl': 'https://www.ensembl.org/homo_sapiens/Variation/Explore?v=RCV001063359'}}, {'code': 'ECO:0000313', 'source': {'name': 'ClinVar', 'id': 'RCV003224519', 'url': 'https://www.ncbi.nlm.nih.gov/clinvar/RCV003224519', 'alternativeUrl': 'https://www.ensembl.org/homo_sapiens/Variation/Explore?v=RCV003224519'}}], 'disease': False, 'clinicalSignificances': [{'type': 'Variant of uncertain significance', 'sources': ['ClinVar'], 'reviewStatus': 'criteria provided, single submitter'}]}, {'name': 'Germ cell tumor of testis (TGCT)', 'dbReferences': [{'name': 'MIM', 'id': '273300', 'url': 'https://www.omim.org/entry/273300'}], 'evidences': [{'code': 'ECO:0000313', 'source': {'name': 'ClinVar', 'id': 'RCV003224519', 'url': 'https://www.ncbi.nlm.nih.gov/clinvar/RCV003224519', 'alternativeUrl': 'https://www.ensembl.org/homo_sapiens/Variation/Explore?v=RCV003224519'}}], 'disease': False, 'clinicalSignificances': [{'type': 'Variant of uncertain significance', 'sources': ['ClinVar'], 'reviewStatus': 'criteria provided, single submitter'}]}, {'name': 'Hereditary cancer-predisposing syndrome', 'evidences': [{'code': 'ECO:0000313', 'source': {'name': 'pubmed', 'id': '25394175', 'url': 'https://www.ncbi.nlm.nih.gov/pubmed/25394175', 'alternativeUrl': 'https://europepmc.org/abstract/MED/25394175'}}, {'code': 'ECO:0000313', 'source': {'name': 'ClinVar', 'id': 'RCV002429705', 'url': 'https://www.ncbi.nlm.nih.gov/clinvar/RCV002429705', 'alternativeUrl': 'https://www.ensembl.org/homo_sapiens/Variation/Explore?v=RCV002429705'}}], 'disease': False, 'clinicalSignificances': [{'type': 'Variant of uncertain significance', 'sources': ['ClinVar'], 'reviewStatus': 'criteria provided, single submitter'}]}, {'name': 'Piebaldism', 'description': 'Piebaldism is a rare autosomal dominant trait characterized by the congenital absence of melanocytes in affected areas of the skin and hair.', 'dbReferences': [{'name': 'MIM', 'id': '172800', 'url': 'https://www.omim.org/entry/172800'}], 'evidences': [{'code': 'ECO:0000313', 'source': {'name': 'ClinVar', 'id': 'RCV003224519', 'url': 'https://www.ncbi.nlm.nih.gov/clinvar/RCV003224519', 'alternativeUrl': 'https://www.ensembl.org/homo_sapiens/Variation/Explore?v=RCV003224519'}}], 'disease': False, 'clinicalSignificances': [{'type': 'Variant of uncertain significance', 'sources': ['ClinVar'], 'reviewStatus': 'criteria provided, single submitter'}]}]","[{'value': 'Hereditary cancer-predisposing syndrome', 'sources': ['ClinVar']}, {'value': 'Gastrointestinal stromal tumor', 'sources': ['ClinVar']}]",,,ClinGen,CA356913296,https://reg.clinicalgenome.org/redmine/projects/registry/genboree_registry/by_caid?caid=CA356913296,,possibly damaging,multi coding,0.659,PolyPhen,"Ensembl, ClinVar",p.Tyr855Cys,ENST00000288135,,"criteria provided, single submitter",,
Likely pathogenic,F,855,855,4q12,['NC_000004.12:g.54736577A>T'],TAT/TTT,missense,Y,F,0,large_scale_study,,,,,Ensembl,rs1722933723,https://www.ensembl.org/homo_sapiens/Variation/Explore?v=rs1722933723,,probably damaging,multi coding,0.964,PolyPhen,Ensembl,p.Tyr855Phe,ENST00000288135,,,,
Likely pathogenic,I,958,958,4q12,['NC_000004.12:g.54738499A>T'],AAT/ATT,missense,N,I,0,large_scale_study,,,,,TOPMed,rs1060502563,https://www.ncbi.nlm.nih.gov/snp/rs1060502563#frequency_tab,http://gnomad.broadinstitute.org/awesome?query=rs1060502563,probably damaging,multi coding,0.999,PolyPhen,Ensembl,p.Asn958Ile,ENST00000288135,,,,
Likely pathogenic,S,958,958,4q12,['NC_000004.12:g.54738499A>G'],AAT/AGT,missense,N,S,0,large_scale_study,"[{'name': 'Gastrointestinal stromal tumor', 'dbReferences': [{'name': 'MIM', 'id': '606764', 'url': 'https://www.omim.org/entry/606764'}], 'evidences': [{'code': 'ECO:0000313', 'source': {'name': 'pubmed', 'id': '22685257', 'url': 'https://www.ncbi.nlm.nih.gov/pubmed/22685257', 'alternativeUrl': 'https://europepmc.org/abstract/MED/22685257'}}, {'code': 'ECO:0000313', 'source': {'name': 'pubmed', 'id': '23852704', 'url': 'https://www.ncbi.nlm.nih.gov/pubmed/23852704', 'alternativeUrl': 'https://europepmc.org/abstract/MED/23852704'}}, {'code': 'ECO:0000313', 'source': {'name': 'pubmed', 'id': '25394175', 'url': 'https://www.ncbi.nlm.nih.gov/pubmed/25394175', 'alternativeUrl': 'https://europepmc.org/abstract/MED/25394175'}}, {'code': 'ECO:0000313', 'source': {'name': 'ClinVar', 'id': 'RCV000459009', 'url': 'https://www.ncbi.nlm.nih.gov/clinvar/RCV000459009', 'alternativeUrl': 'https://www.ensembl.org/homo_sapiens/Variation/Explore?v=RCV000459009'}}], 'disease': False, 'clinicalSignificances': [{'type': 'Variant of uncertain significance', 'sources': ['ClinVar'], 'reviewStatus': 'criteria provided, multiple submitters, no conflicts'}]}, {'name': 'Hereditary cancer-predisposing syndrome', 'evidences': [{'code': 'ECO:0000313', 'source': {'name': 'pubmed', 'id': '25394175', 'url': 'https://www.ncbi.nlm.nih.gov/pubmed/25394175', 'alternativeUrl': 'https://europepmc.org/abstract/MED/25394175'}}, {'code': 'ECO:0000313', 'source': {'name': 'ClinVar', 'id': 'RCV001016867', 'url': 'https://www.ncbi.nlm.nih.gov/clinvar/RCV001016867', 'alternativeUrl': 'https://www.ensembl.org/homo_sapiens/Variation/Explore?v=RCV001016867'}}], 'disease': False, 'clinicalSignificances': [{'type': 'Variant of uncertain significance', 'sources': ['ClinVar'], 'reviewStatus': 'criteria provided, single submitter'}]}, {'name': 'Ovarian cancer', 'dbReferences': [{'name': 'MIM', 'id': '167000', 'url': 'https://www.omim.org/entry/167000'}], 'evidences': [{'code': 'ECO:0000313', 'source': {'name': 'pubmed', 'id': '22964825', 'url': 'https://www.ncbi.nlm.nih.gov/pubmed/22964825', 'alternativeUrl': 'https://europepmc.org/abstract/MED/22964825'}}, {'code': 'ECO:0000313', 'source': {'name': 'pubmed', 'id': '24493721', 'url': 'https://www.ncbi.nlm.nih.gov/pubmed/24493721', 'alternativeUrl': 'https://europepmc.org/abstract/MED/24493721'}}, {'code': 'ECO:0000313', 'source': {'name': 'pubmed', 'id': '29450531', 'url': 'https://www.ncbi.nlm.nih.gov/pubmed/29450531', 'alternativeUrl': 'https://europepmc.org/abstract/MED/29450531'}}, {'code': 'ECO:0000313', 'source': {'name': 'ClinVar', 'id': 'RCV003153629', 'url': 'https://www.ncbi.nlm.nih.gov/clinvar/RCV003153629', 'alternativeUrl': 'https://www.ensembl.org/homo_sapiens/Variation/Explore?v=RCV003153629'}}], 'disease': True, 'clinicalSignificances': [{'type': 'Likely pathogenic', 'sources': ['ClinVar'], 'reviewStatus': 'criteria provided, single submitter'}]}]","[{'value': 'Hereditary cancer-predisposing syndrome', 'sources': ['ClinVar']}, {'value': 'Ovarian cancer', 'sources': ['ClinVar']}, {'value': 'Gastrointestinal stromal tumor', 'sources': ['ClinVar']}]",,,ClinGen,CA16611715,https://reg.clinicalgenome.org/redmine/projects/registry/genboree_registry/by_caid?caid=CA16611715,,probably damaging,multi coding,0.996,PolyPhen,"Ensembl, ClinVar",p.Asn958Ser,ENST00000288135,ClinVar,"criteria provided, single submitter",MAF,1e-05
Likely pathogenic,T,958,958,4q12,['NC_000004.12:g.54738499A>C'],AAT/ACT,missense,N,T,0,large_scale_study,,,,,TOPMed,rs1060502563,https://www.ncbi.nlm.nih.gov/snp/rs1060502563#frequency_tab,http://gnomad.broadinstitute.org/awesome?query=rs1060502563,probably damaging,multi coding,0.998,PolyPhen,Ensembl,p.Asn958Thr,ENST00000288135,,,,
